{
	"credit": "Made with Blockbench",
	"texture_size": [64, 64],
	"textures": {
		"2": "blocks/bed/capee",
		"3": "blocks/bed/red",
		"4": "blocks/bed/skin",
		"5": "blocks/bed/supreme",
		"8": "blocks/bed_feet_side",
		"10": "blocks/bed_feet_top",
		"11": "blocks/bed_head_end",
		"12": "blocks/bed_head_side",
		"13": "blocks/bed_feet_end",
		"14": "blocks/bed/wings",
		"particle": "blocks/bed_head_top"
	},
	"elements": [
		{
			"name": "body",
			"from": [0, 3, 8],
			"to": [16, 9, 24],
			"rotation": {"angle": 0, "axis": "y", "origin": [0, 8, 2]},
			"faces": {
				"north": {"uv": [0, 13, 16, 7], "rotation": 180, "texture": "#13"},
				"east": {"uv": [0, 13, 16, 7], "rotation": 180, "texture": "#12"},
				"south": {"uv": [0, 7, 16, 13], "texture": "#11"},
				"west": {"uv": [0, 7, 16, 13], "texture": "#12"},
				"up": {"uv": [0, 16, 16, 0], "rotation": 90, "texture": "#particle"},
				"down": {"uv": [7, 1.5, 11, 5.5], "texture": "#3"}
			}
		},
		{
			"name": "upper right leg",
			"from": [0, 0, 21],
			"to": [3, 3, 24],
			"rotation": {"angle": 0, "axis": "y", "origin": [-8, 0, -8]},
			"faces": {
				"north": {"uv": [0, 13, 3, 16], "texture": "#11"},
				"east": {"uv": [13, 13, 16, 16], "texture": "#11"},
				"south": {"uv": [0, 13, 3, 16], "texture": "#11"},
				"west": {"uv": [13, 13, 16, 16], "texture": "#11"},
				"up": {"uv": [13.25, 0, 14, 0.75], "rotation": 180, "texture": "#3"},
				"down": {"uv": [14, 0, 14.75, 0.75], "rotation": 180, "texture": "#3"}
			}
		},
		{
			"name": "upper left leg",
			"from": [13, 0, 21],
			"to": [16, 3, 24],
			"rotation": {"angle": 0, "axis": "y", "origin": [-8, 0, -8]},
			"faces": {
				"north": {"uv": [13, 13, 16, 16], "texture": "#11"},
				"east": {"uv": [16, 13, 13, 16], "texture": "#11"},
				"south": {"uv": [13, 13, 16, 16], "texture": "#11"},
				"west": {"uv": [0, 13, 3, 16], "texture": "#11"},
				"up": {"uv": [13.25, 0, 14, 0.75], "rotation": 180, "texture": "#3"},
				"down": {"uv": [14, 0, 14.75, 0.75], "rotation": 180, "texture": "#3"}
			}
		},
		{
			"name": "body",
			"from": [0, 3, -8],
			"to": [16, 9, 8],
			"rotation": {"angle": 0, "axis": "y", "origin": [0, 8, 2]},
			"faces": {
				"north": {"uv": [0, 7, 16, 13], "texture": "#13"},
				"east": {"uv": [16, 7, 0, 13], "texture": "#8"},
				"south": {"uv": [0, 7, 16, 13], "texture": "#13"},
				"west": {"uv": [0, 7, 16, 13], "texture": "#8"},
				"up": {"uv": [0, 0, 16, 16], "rotation": 90, "texture": "#10"},
				"down": {"uv": [7, 9.5, 11, 5.5], "rotation": 180, "texture": "#3"}
			}
		},
		{
			"name": "lower right leg",
			"from": [0, 0, -8],
			"to": [3, 3, -5],
			"rotation": {"angle": 0, "axis": "y", "origin": [0, 8, 2]},
			"faces": {
				"north": {"uv": [13, 13, 16, 16], "texture": "#11"},
				"east": {"uv": [0, 13, 3, 16], "texture": "#11"},
				"south": {"uv": [13, 13, 16, 16], "texture": "#11"},
				"west": {"uv": [0, 13, 3, 16], "texture": "#11"},
				"up": {"uv": [13.25, 0, 14, 0.75], "texture": "#3"},
				"down": {"uv": [14, 0, 14.75, 0.75], "rotation": 180, "texture": "#3"}
			}
		},
		{
			"name": "lower left leg",
			"from": [13, 0, -8],
			"to": [16, 3, -5],
			"rotation": {"angle": 0, "axis": "y", "origin": [0, 8, 2]},
			"faces": {
				"north": {"uv": [0, 13, 3, 16], "texture": "#11"},
				"east": {"uv": [13, 13, 16, 16], "texture": "#11"},
				"south": {"uv": [0, 13, 3, 16], "texture": "#11"},
				"west": {"uv": [13, 13, 16, 16], "texture": "#11"},
				"up": {"uv": [13.25, 0, 14, 0.75], "texture": "#3"},
				"down": {"uv": [14, 0, 14.75, 0.75], "rotation": 180, "texture": "#3"}
			}
		},
		{
			"name": "Bandana",
			"from": [2.29, 12.95, 20.39],
			"to": [4.11, 13.35, 22.21],
			"rotation": {"angle": 0, "axis": "y", "origin": [0, 0, 8]},
			"faces": {
				"north": {"uv": [0.375, 11, 7.5, 12.75], "texture": "#5"},
				"east": {"uv": [8.375, 14.125, 15.625, 15.875], "texture": "#5"},
				"south": {"uv": [8.375, 11, 15.625, 12.75], "texture": "#5"},
				"west": {"uv": [8.375, 11, 15.625, 12.75], "texture": "#5"},
				"up": {"uv": [0.375, 3, 7.5, 10.375], "texture": "#5"},
				"down": {"uv": [8.375, 3, 15.5, 10.375], "texture": "#5"}
			}
		},
		{
			"name": "Noeuf",
			"from": [2.955, 12.95, 22.2],
			"to": [3.455, 13.35, 22.3],
			"rotation": {"angle": 0, "axis": "y", "origin": [0, 0, 8]},
			"faces": {
				"north": {"uv": [3.5625, 0.25, 6.8125, 2.5], "texture": "#5"},
				"east": {"uv": [7.4375, 0.25, 7.9375, 2.5], "texture": "#5"},
				"south": {"uv": [3.5625, 0.25, 6.8125, 2.5], "texture": "#5"},
				"west": {"uv": [7.4375, 0.25, 7.9375, 2.5], "texture": "#5"},
				"up": {"uv": [0, 1.125, 3.25, 1.5], "texture": "#5"},
				"down": {"uv": [0, 1.125, 3.25, 1.5], "texture": "#5"}
			}
		},
		{
			"name": "EndB1",
			"from": [2.956, 12.15, 22.19],
			"to": [3.156, 12.95, 22.24],
			"rotation": {"angle": 0, "axis": "y", "origin": [0, 0, 8]},
			"faces": {
				"north": {"uv": [8.6875, 0, 15, 1.5625], "rotation": 90, "texture": "#5"},
				"east": {"uv": [8.6875, 2.25, 14.9375, 2.5625], "texture": "#5"},
				"south": {"uv": [8.6875, 0, 15, 1.5625], "rotation": 90, "texture": "#5"},
				"west": {"uv": [8.6875, 2.25, 14.9375, 2.5625], "rotation": 90, "texture": "#5"},
				"up": {"uv": [15.5625, 0, 16, 1.5625], "rotation": 90, "texture": "#5"},
				"down": {"uv": [15.5625, 0, 16, 1.5625], "rotation": 90, "texture": "#5"}
			}
		},
		{
			"name": "EndB2",
			"from": [3.254, 12.2, 22.19],
			"to": [3.454, 13, 22.24],
			"rotation": {"angle": 0, "axis": "y", "origin": [0, 0, 8]},
			"faces": {
				"north": {"uv": [8.6875, 0, 15, 1.5625], "rotation": 90, "texture": "#5"},
				"east": {"uv": [8.6875, 2.25, 14.9375, 2.5625], "texture": "#5"},
				"south": {"uv": [8.6875, 0, 15, 1.5625], "rotation": 90, "texture": "#5"},
				"west": {"uv": [8.6875, 2.25, 14.9375, 2.5625], "rotation": 90, "texture": "#5"},
				"up": {"uv": [15.5625, 0, 16, 1.5625], "rotation": 90, "texture": "#5"},
				"down": {"uv": [15.5625, 0, 16, 1.5625], "rotation": 90, "texture": "#5"}
			}
		},
		{
			"name": "cape",
			"from": [2.26, 8.6, 22.55],
			"to": [4.16, 11.75, 22.75],
			"rotation": {"angle": -22.5, "axis": "x", "origin": [3, 9.5, 21.6]},
			"faces": {
				"north": {"uv": [6, 0.5, 11, 8.5], "texture": "#2"},
				"east": {"uv": [5.5, 0.5, 6, 8.5], "texture": "#2"},
				"south": {"uv": [0.5, 0.5, 5.5, 8.5], "texture": "#2"},
				"west": {"uv": [0, 0.5, 0.5, 8.5], "texture": "#2"},
				"up": {"uv": [0.5, 0, 5.5, 0.5], "texture": "#2"},
				"down": {"uv": [5.5, 0, 10.5, 0.5], "texture": "#2"}
			}
		},
		{
			"from": [3.69, 10.45, 21.7],
			"to": [3.69, 13.95, 25.2],
			"rotation": {"angle": -22.5, "axis": "z", "origin": [3.69, 11.415, 21.7]},
			"faces": {
				"north": {"uv": [0, 0, 0, 0.5], "texture": "#14"},
				"east": {"uv": [0, 0, 16, 16], "texture": "#14"},
				"south": {"uv": [0, 0, 0, 0.5], "texture": "#14"},
				"west": {"uv": [16, 0, 0, 16], "texture": "#14"},
				"up": {"uv": [0, 0, 0, 0.5], "texture": "#14"},
				"down": {"uv": [0, 0, 0, 0.5], "texture": "#14"}
			}
		},
		{
			"from": [2.71, 10.45, 21.7],
			"to": [2.71, 13.95, 25.2],
			"rotation": {"angle": 22.5, "axis": "z", "origin": [2.71, 11.415, 21.7]},
			"faces": {
				"north": {"uv": [0, 0, 0, 0.5], "texture": "#14"},
				"east": {"uv": [0, 0, 16, 16], "texture": "#14"},
				"south": {"uv": [0, 0, 0, 0.5], "texture": "#14"},
				"west": {"uv": [16, 0, 0, 16], "texture": "#14"},
				"up": {"uv": [0, 0, 0, 0.5], "texture": "#14"},
				"down": {"uv": [0, 0, 0, 0.5], "texture": "#14"}
			}
		},
		{
			"name": "left leg",
			"from": [3.4, 9, 18.75],
			"to": [4.2, 9.8, 21.15],
			"rotation": {"angle": -22.5, "axis": "y", "origin": [3, 8, 21]},
			"faces": {
				"north": {"uv": [2, 5, 3, 4], "texture": "#4"},
				"east": {"uv": [0, 5, 1, 8], "rotation": 270, "texture": "#4"},
				"south": {"uv": [1, 4, 2, 5], "texture": "#4"},
				"west": {"uv": [2, 5, 3, 8], "rotation": 90, "texture": "#4"},
				"up": {"uv": [1, 5, 2, 8], "rotation": 180, "texture": "#4"},
				"down": {"uv": [3, 5, 4, 8], "texture": "#4"}
			}
		},
		{
			"name": "left leg layer",
			"from": [3.35, 8.95, 18.7],
			"to": [4.25, 9.85, 21.2],
			"rotation": {"angle": -22.5, "axis": "y", "origin": [3, 8, 21]},
			"faces": {
				"north": {"uv": [2, 9, 3, 8], "texture": "#4"},
				"east": {"uv": [0, 9, 1, 12], "rotation": 270, "texture": "#4"},
				"south": {"uv": [1, 9, 2, 8], "texture": "#4"},
				"west": {"uv": [2, 9, 3, 12], "rotation": 90, "texture": "#4"},
				"up": {"uv": [1, 9, 2, 12], "rotation": 180, "texture": "#4"},
				"down": {"uv": [3, 9, 4, 12], "texture": "#4"}
			}
		},
		{
			"name": "right leg",
			"from": [2.6, 9, 19.4],
			"to": [3.4, 9.8, 21.8],
			"rotation": {"angle": 22.5, "axis": "y", "origin": [2, 8, 22]},
			"faces": {
				"north": {"uv": [6, 13, 7, 12], "texture": "#4"},
				"east": {"uv": [4, 13, 5, 16], "rotation": 270, "texture": "#4"},
				"south": {"uv": [5, 12, 6, 13], "texture": "#4"},
				"west": {"uv": [6, 13, 7, 16], "rotation": 90, "texture": "#4"},
				"up": {"uv": [5, 13, 6, 16], "rotation": 180, "texture": "#4"},
				"down": {"uv": [7, 13, 8, 16], "texture": "#4"}
			}
		},
		{
			"name": "right leg layer",
			"from": [2.55, 8.95, 19.35],
			"to": [3.45, 9.85, 21.85],
			"rotation": {"angle": 22.5, "axis": "y", "origin": [2, 8, 22]},
			"faces": {
				"north": {"uv": [2, 13, 3, 12], "texture": "#4"},
				"east": {"uv": [0, 13, 1, 16], "rotation": 270, "texture": "#4"},
				"south": {"uv": [1, 13, 2, 12], "texture": "#4"},
				"west": {"uv": [2, 13, 3, 16], "rotation": 90, "texture": "#4"},
				"up": {"uv": [1, 13, 2, 16], "rotation": 180, "texture": "#4"},
				"down": {"uv": [3, 13, 4, 16], "texture": "#4"}
			}
		},
		{
			"name": "left arm",
			"from": [1.8, 9.55, 20.9],
			"to": [2.4, 11.95, 21.7],
			"rotation": {"angle": 0, "axis": "y", "origin": [1, 10, 21.5]},
			"faces": {
				"north": {"uv": [9, 13, 9.75, 16], "texture": "#4"},
				"east": {"uv": [8, 13, 9, 16], "texture": "#4"},
				"south": {"uv": [10.75, 13, 11.5, 16], "texture": "#4"},
				"west": {"uv": [9.75, 13, 10.75, 16], "texture": "#4"},
				"up": {"uv": [9.75, 13, 9, 12], "texture": "#4"},
				"down": {"uv": [9.75, 12, 10.5, 13], "rotation": 180, "texture": "#4"}
			}
		},
		{
			"name": "left arm layer",
			"from": [1.75, 9.5, 20.85],
			"to": [2.45, 12, 21.75],
			"rotation": {"angle": 0, "axis": "y", "origin": [1, 10, 21.5]},
			"faces": {
				"north": {"uv": [13, 13, 13.75, 16], "texture": "#4"},
				"east": {"uv": [12, 13, 13, 16], "texture": "#4"},
				"south": {"uv": [14.75, 13, 15.5, 16], "texture": "#4"},
				"west": {"uv": [13.75, 13, 14.75, 16], "texture": "#4"},
				"up": {"uv": [13.75, 13, 13, 12], "texture": "#4"},
				"down": {"uv": [13.75, 12, 14.5, 13], "rotation": 180, "texture": "#4"}
			}
		},
		{
			"name": "right arm",
			"from": [4, 9.55, 20.9],
			"to": [4.6, 11.95, 21.7],
			"rotation": {"angle": 0, "axis": "y", "origin": [1, 10, 21.5]},
			"faces": {
				"north": {"uv": [11, 5, 11.75, 8], "texture": "#4"},
				"east": {"uv": [10, 5, 11, 8], "texture": "#4"},
				"south": {"uv": [12.75, 5, 13.5, 8], "texture": "#4"},
				"west": {"uv": [11.75, 5, 12.75, 8], "texture": "#4"},
				"up": {"uv": [11.75, 5, 11, 4], "texture": "#4"},
				"down": {"uv": [11.75, 4, 12.5, 5], "rotation": 180, "texture": "#4"}
			}
		},
		{
			"name": "right arm layer",
			"from": [3.95, 9.5, 20.85],
			"to": [4.65, 12, 21.75],
			"rotation": {"angle": 0, "axis": "y", "origin": [1, 10, 21.5]},
			"faces": {
				"north": {"uv": [11, 9, 11.75, 12], "texture": "#4"},
				"east": {"uv": [10, 9, 11, 12], "texture": "#4"},
				"south": {"uv": [13.5, 9, 12.75, 12], "texture": "#4"},
				"west": {"uv": [11.75, 9, 12.75, 12], "texture": "#4"},
				"up": {"uv": [11.75, 9, 11, 8], "texture": "#4"},
				"down": {"uv": [11.75, 8, 12.5, 9], "rotation": 180, "texture": "#4"}
			}
		},
		{
			"name": "body",
			"from": [2.4, 9.55, 20.9],
			"to": [4, 11.95, 21.7],
			"rotation": {"angle": 0, "axis": "y", "origin": [11, 16, 29]},
			"faces": {
				"north": {"uv": [5, 5, 7, 8], "texture": "#4"},
				"east": {"uv": [4, 5, 5, 8], "texture": "#4"},
				"south": {"uv": [8, 5, 10, 8], "texture": "#4"},
				"west": {"uv": [7, 5, 8, 8], "texture": "#4"},
				"up": {"uv": [7, 5, 5, 4], "texture": "#4"},
				"down": {"uv": [7, 4, 9, 5], "texture": "#4"}
			}
		},
		{
			"name": "body layer 2",
			"from": [2.35, 9.5, 20.85],
			"to": [4.05, 12, 21.75],
			"rotation": {"angle": 0, "axis": "y", "origin": [11, 16, 29]},
			"faces": {
				"north": {"uv": [5, 9, 7, 12], "texture": "#4"},
				"east": {"uv": [4, 9, 5, 12], "texture": "#4"},
				"south": {"uv": [8, 9, 10, 12], "texture": "#4"},
				"west": {"uv": [7, 9, 8, 12], "texture": "#4"},
				"up": {"uv": [5, 9, 7, 8], "texture": "#4"},
				"down": {"uv": [7, 8, 9, 9], "texture": "#4"}
			}
		},
		{
			"name": "head",
			"from": [2.4, 11.95, 20.5],
			"to": [4, 13.55, 22.1],
			"rotation": {"angle": 0, "axis": "y", "origin": [2, 11, 21]},
			"faces": {
				"north": {"uv": [2, 2, 4, 4], "texture": "#4"},
				"east": {"uv": [0, 2, 2, 4], "texture": "#4"},
				"south": {"uv": [6, 2, 8, 4], "texture": "#4"},
				"west": {"uv": [4, 2, 6, 4], "texture": "#4"},
				"up": {"uv": [4, 2, 2, 0], "texture": "#4"},
				"down": {"uv": [4, 0, 6, 2], "texture": "#4"}
			}
		},
		{
			"name": "head layer 2",
			"from": [2.3, 11.85, 20.4],
			"to": [4.1, 13.65, 22.2],
			"rotation": {"angle": 0, "axis": "y", "origin": [2, 11, 21]},
			"faces": {
				"north": {"uv": [10, 2, 12, 4], "texture": "#4"},
				"east": {"uv": [8, 2, 10, 4], "texture": "#4"},
				"south": {"uv": [14, 2, 16, 4], "texture": "#4"},
				"west": {"uv": [12, 2, 14, 4], "texture": "#4"},
				"up": {"uv": [10, 2, 12, 0], "texture": "#4"},
				"down": {"uv": [12, 0, 14, 2], "texture": "#4"}
			}
		}
	],
	"display": {
		"firstperson_righthand": {
			"scale": [0.4, 0.4, 0.4]
		}
	},
	"groups": [
		{
			"name": "bed",
			"origin": [8, 8, 8],
			"color": 0,
			"nbt": "{}",
			"armAnimationEnabled": false,
			"children": [0, 1, 2]
		},
		{
			"name": "bed2",
			"origin": [8, 8, 8],
			"color": 0,
			"nbt": "{}",
			"armAnimationEnabled": false,
			"children": [3, 4, 5]
		},
		{
			"name": "Cosm Doblou",
			"origin": [8, 8, 8],
			"color": 0,
			"nbt": "{}",
			"armAnimationEnabled": false,
			"children": [
				{
					"name": "Bandanna",
					"origin": [8, 8, 8],
					"color": 0,
					"nbt": "{}",
					"armAnimationEnabled": false,
					"children": [6, 7, 8, 9]
				},
				10,
				{
					"name": "wings",
					"origin": [8, 8, 8],
					"color": 0,
					"nbt": "{}",
					"armAnimationEnabled": false,
					"children": [11, 12]
				}
			]
		},
		{
			"name": "Doblou",
			"origin": [8, 8, 10],
			"color": 0,
			"nbt": "{}",
			"armAnimationEnabled": false,
			"children": [13, 14, 15, 16, 17, 18, 19, 20, 21, 22, 23, 24]
		}
	]
}