{
	"credit": "Made with Blockbench",
	"texture_size": [64, 64],
	"textures": {
		"2": "blocks/bed_feet_end",
		"3": "blocks/bed/red",
		"4": "blocks/bed_feet_side",
		"particle": "blocks/bed_feet_top"
	},
	"elements": [
		{
			"name": "body",
			"from": [0, 3, 0],
			"to": [16, 9, 16],
			"rotation": {"angle": 0, "axis": "y", "origin": [0, 8, 2]},
			"faces": {
				"north": {"uv": [0, 7, 16, 13], "texture": "#2"},
				"east": {"uv": [16, 7, 0, 13], "texture": "#4"},
				"south": {"uv": [0, 7, 16, 13], "texture": "#2"},
				"west": {"uv": [0, 7, 16, 13], "texture": "#4"},
				"up": {"uv": [0, 16, 16, 0], "rotation": 90, "texture": "#particle"},
				"down": {"uv": [7, 5.5, 11, 9.5], "texture": "#3"}
			}
		},
		{
			"name": "lower left leg",
			"from": [13, 0, 0],
			"to": [16, 3, 3],
			"rotation": {"angle": 0, "axis": "y", "origin": [0, 8, 2]},
			"faces": {
				"north": {"uv": [0, 13, 3, 16], "texture": "#2"},
				"east": {"uv": [13, 13, 16, 16], "texture": "#2"},
				"south": {"uv": [0, 13, 3, 16], "texture": "#2"},
				"west": {"uv": [13, 13, 16, 16], "texture": "#2"},
				"up": {"uv": [13.25, 0, 14, 0.75], "texture": "#3"},
				"down": {"uv": [14, 0, 14.75, 0.75], "rotation": 180, "texture": "#3"}
			}
		},
		{
			"name": "lower right leg",
			"from": [0, 0, 0],
			"to": [3, 3, 3],
			"rotation": {"angle": 0, "axis": "y", "origin": [0, 8, 2]},
			"faces": {
				"north": {"uv": [13, 13, 16, 16], "texture": "#2"},
				"east": {"uv": [0, 13, 3, 16], "texture": "#2"},
				"south": {"uv": [13, 13, 16, 16], "texture": "#2"},
				"west": {"uv": [0, 13, 3, 16], "texture": "#4"},
				"up": {"uv": [13.25, 0, 14, 0.75], "texture": "#3"},
				"down": {"uv": [14, 0, 14.75, 0.75], "rotation": 180, "texture": "#3"}
			}
		}
	],
	"display": {
		"thirdperson_righthand": {
			"rotation": [75, -45, 0],
			"translation": [0, 2.5, 0],
			"scale": [0.375, 0.375, 0.375]
		},
		"firstperson_righthand": {
			"rotation": [0, -45, 0],
			"scale": [0.4, 0.4, 0.4]
		},
		"ground": {
			"translation": [0, 3, 2],
			"scale": [0.25, 0.25, 0.25]
		},
		"gui": {
			"rotation": [30, -140, 0],
			"translation": [-2.75, 2, 0],
			"scale": [0.55, 0.55, 0.55]
		},
		"head": {
			"rotation": [0, -180, 0]
		},
		"fixed": {
			"rotation": [-90, 0, 0],
			"translation": [0, 4, -3],
			"scale": [0.5, 0.5, 0.5]
		}
	},
	"groups": [
		{
			"name": "bed_head",
			"origin": [8, 8, 8],
			"color": 0,
			"children": []
		},
		{
			"name": "bed",
			"origin": [8, 8, 8],
			"color": 0,
			"children": [0, 1, 2]
		}
	]
}